<install>
  <update upgradeOnly="true" file="${package.root}/install/bundlesupdate/nxserver/bundles" todir="${env.server.home}/nxserver/bundles" />
  <copy overwrite="true" file="${package.root}/templates" todir="${env.server.home}" />
  <update file="${package.root}/install/tomcatupdate/bin" todir="${env.server.home}/bin" />
  <update file="${package.root}/install/tomcatupdate/lib" todir="${env.server.home}/lib" />
  <delete file="${env.server.home}/nxserver/lib/tomcat-juli-9.0.69.jar" />
  <delete file="${env.server.home}/nxserver/lib/tomcat-jdbc-9.0.69.jar" />
  <update file="${package.root}/install/libsadd/nxserver/lib" todir="${env.server.home}/nxserver/lib" />
  <update upgradeOnly="true" file="${package.root}/install/libsupdate/templates/mongodb/nxserver/lib" todir="${env.server.home}/templates/mongodb/nxserver/lib" />
  <update upgradeOnly="true" file="${package.root}/install/libsupdate/nxserver/lib" todir="${env.server.home}/nxserver/lib" />
  <update upgradeOnly="true" file="${package.root}/install/libsupdate/lib" todir="${env.server.home}/lib" />
  <update upgradeOnly="true" file="${package.root}/install/libsupdate/templates/postgresql/lib" todir="${env.server.home}/templates/postgresql/lib" />
  <delete file="${env.server.home}/nxserver/lib/batik-constants-1.13.jar" />
  <delete file="${env.server.home}/nxserver/lib/batik-css-1.13.jar" />
  <delete file="${env.server.home}/nxserver/lib/batik-i18n-1.13.jar" />
  <delete file="${env.server.home}/nxserver/lib/batik-shared-resources-1.13.jar" />
  <delete file="${env.server.home}/nxserver/lib/batik-util-1.13.jar" />
  <delete file="${env.server.home}/nxserver/lib/xmlgraphics-commons-2.4.jar" />
</install>
